City_ID,City,Lat,Lng,Max Temp,Humidity,Cloudiness,Wind Speed,Country,Date
0,khovd,48.00556,91.64194,270.56,19,20,0.63,MN,1710567764
1,kruisfontein,-34.00333,24.73142,291.97,64,59,10.09,ZA,1710567765
2,severo-yeniseyskiy,60.37552,93.03017,262.94,89,100,5.81,RU,1710567765
3,palikir - national government center,6.92477,158.16109,301.62,84,100,5.14,FM,1710567766
4,bilibino,68.05464,166.43721,259.01,86,70,1.42,RU,1710567767
5,grytviken,-54.28111,-36.5092,276.45,78,86,0.17,GS,1710567767
6,cidade velha,14.91531,-23.60527,294.36,78,20,4.12,CV,1710567768
7,hermanus,-34.4187,19.23446,290.26,83,75,4.59,ZA,1710567769
8,waitangi,-43.95353,-176.55973,284.72,76,34,3.58,NZ,1710567769
9,katabu,-4.9333,122.5167,304.93,55,95,1.79,ID,1710567660
10,yellowknife,62.45411,-114.37248,252.26,71,0,2.06,CA,1710567771
11,edinburgh of the seven seas,-37.06757,-12.31155,290.66,85,46,6.78,SH,1710567771
12,tughyl,47.72521,84.20629,265.05,76,43,1.54,KZ,1710567772
13,suntar,62.14444,117.63194,265.92,81,100,2.8,RU,1710567772
14,wailua homesteads,22.07244,-159.37677,294.48,83,100,5.14,US,1710567773
15,bethel,60.79222,-161.75583,257.18,76,0,7.72,US,1710567774
16,kenai,60.55444,-151.25833,272.2,71,100,0.0,US,1710567774
17,constantia,-34.03139,18.41833,290.94,92,75,2.57,ZA,1710567775
18,zouerate,22.73542,-12.47134,294.44,17,0,4.3,MR,1710567775
19,longyearbyen,78.22334,15.64689,252.3,59,75,6.69,SJ,1710567776
20,margaret river,-33.95504,115.07599,297.35,64,0,4.8,AU,1710567777
21,aasiaat,68.70981,-52.86988,248.69,100,82,2.05,GL,1710567777
22,adamstown,-25.06597,-130.10147,299.19,85,100,6.33,PN,1710567778
23,piti village,13.46256,144.69331,304.64,68,20,6.17,GU,1710567778
24,ituango,7.17117,-75.76404,291.41,96,85,0.87,CO,1710567779
25,zhezqazghan,47.78333,67.76667,264.47,86,40,1.0,KZ,1710567780
26,puerto ayora,-0.74018,-90.3138,299.86,96,93,1.26,EC,1710567780
27,mount gambier,-37.8318,140.77919,301.54,36,23,3.51,AU,1710567781
28,reyes,-14.2952,-67.33624,298.65,88,90,0.88,BO,1710567781
29,karamay,45.58473,84.88724,274.8,46,81,2.07,CN,1710567782
30,blackmans bay,-43.00311,147.31694,291.84,63,96,3.26,AU,1710567783
31,dombarovskiy,50.7587,59.5386,264.26,79,19,2.24,RU,1710567783
32,queenstown,-45.03023,168.66271,286.21,64,98,2.42,NZ,1710567784
33,veraval,20.9077,70.36786,301.9,33,27,0.28,IN,1710567785
34,stanley,-51.69382,-57.85701,277.31,76,40,6.49,FK,1710567785
35,isafjordur,66.07475,-23.13498,270.32,93,97,3.76,IS,1710567786
36,port-aux-francais,-49.34916,70.21937,278.4,71,77,5.79,TF,1710567786
37,morgan hill,37.1305,-121.65439,287.84,62,0,0.45,US,1710567662
38,aromashevo,56.86018,68.63754,273.34,95,98,6.81,RU,1710567788
39,tranovaho,-25.3,44.96667,300.42,70,68,5.15,MG,1710567788
40,eyl,7.9803,49.8164,302.25,56,68,6.65,SO,1710567789
41,fort bragg,39.44572,-123.80529,284.21,66,0,2.46,US,1710567789
42,dudinka,69.40583,86.17778,256.83,83,99,9.19,RU,1710567662
43,meraux,29.93017,-89.91623,291.48,83,92,3.09,US,1710567791
44,thompson,55.7435,-97.85579,265.24,79,100,8.75,CA,1710567791
45,albany,-35.02692,117.88369,295.34,81,49,1.79,AU,1710567792
46,great bend,38.36446,-98.76481,278.73,73,0,2.06,US,1710567792
47,dawesville,-32.63229,115.62904,302.62,65,0,7.29,AU,1710567793
48,kapuskasing,49.41694,-82.43308,274.2,55,75,4.63,CA,1710567781
49,port mathurin,-19.68333,63.41667,300.2,78,40,6.17,MU,1710567794
50,dhidhdhoo,6.88744,73.11402,301.5,68,49,3.26,MV,1710567795
51,puerto natales,-51.72987,-72.50603,276.7,94,89,4.88,CL,1710567795
52,mossel bay,-34.18307,22.14605,291.11,74,48,6.4,ZA,1710567796
53,iqaluit,63.74697,-68.51727,260.22,78,75,0.0,CA,1710567796
54,codrington,17.63333,-61.83333,299.28,75,66,8.17,AG,1710567797
55,whitehorse,60.71611,-135.05375,272.58,92,100,7.2,CA,1710567562
56,anaconda,46.12854,-112.94226,271.7,84,28,0.82,US,1710567686
57,al jawf,24.1989,23.29093,295.08,15,68,5.68,LY,1710567799
58,east grand forks,47.92998,-97.02452,277.28,78,20,7.2,US,1710567800
59,ketchikan,55.3418,-131.64757,280.41,93,100,0.0,US,1710567800
60,ust-nera,64.56968,143.237,262.05,90,99,1.21,RU,1710567801
61,port alfred,-33.58601,26.88329,293.86,85,63,3.58,ZA,1710567801
62,jamestown,-15.93872,-5.71675,296.19,85,100,6.33,SH,1710567802
63,howrah,-42.88728,147.40554,292.19,63,75,7.2,AU,1710567802
64,qaqortoq,60.71839,-46.03561,260.37,80,53,3.0,GL,1710567803
65,petropavlovsk-kamchatsky,53.04444,158.65076,272.48,86,75,22.35,RU,1710567804
66,la ronge,55.10013,-105.28422,272.29,74,75,6.17,CA,1710567804
67,villa del totoral,-30.81667,-63.71667,294.8,96,66,3.1,AR,1710567805
68,rongelap,11.16351,166.89408,299.89,79,100,6.23,MH,1710567805
69,loa janan,-0.58295,117.09503,305.86,50,88,2.19,ID,1710567806
70,tiksi,71.69002,128.86467,248.63,92,55,0.46,RU,1710567807
71,ambovombe,-25.17838,46.08722,300.15,76,22,3.75,MG,1710567807
72,badger,64.8,-147.53333,261.08,65,0,5.14,US,1710567808
73,belmonte,-15.86126,-38.87982,298.96,86,6,1.47,BR,1710567808
74,bredasdorp,-34.53215,20.04031,291.67,81,71,3.4,ZA,1710567809
75,mariental,-24.63333,17.96667,298.14,19,4,3.75,NA,1710567810
76,dem'yanovo,60.35111,47.08417,274.34,100,100,4.19,RU,1710567810
77,hanceville,51.91922,-123.04458,277.44,98,100,0.31,CA,1710567811
78,cooma,-36.23517,149.12408,295.51,28,50,3.72,AU,1710567811
79,cabo san lucas,22.89088,-109.91238,292.88,69,5,0.89,MX,1710567601
80,port blair,11.66613,92.74635,306.99,33,82,5.14,IN,1710567813
81,kapa'a,22.07521,-159.31895,295.14,83,100,5.14,US,1710567813
82,tolanaro,-25.03249,46.98329,301.08,83,20,5.14,MG,1710567814
83,hun,29.12684,15.94772,284.82,66,24,1.78,LY,1710567814
84,klyuchi,56.32035,160.84541,272.59,90,99,7.61,RU,1710567815
85,udachny,66.42989,112.4021,260.04,71,100,2.79,RU,1710567816
86,torbat-e heydariyeh,35.27401,59.21949,287.43,29,36,2.4,IR,1710567816
87,acarau,-2.88556,-40.12,297.52,92,100,2.77,BR,1710567817
88,askale,39.92083,40.695,273.79,95,100,1.81,TR,1710567817
89,polyarnyy,69.19889,33.44778,262.41,94,22,4.09,RU,1710567818
90,west island,-12.15681,96.82251,302.14,74,75,4.63,CC,1710567818
91,gadzhiyevo,69.25506,33.33616,261.69,96,41,4.11,RU,1710567819
92,nova vicosa,-17.89194,-39.37194,298.26,91,19,2.11,BR,1710567820
93,papao,-17.75,-149.55,301.97,77,100,1.73,PF,1710567820
94,fort st. john,56.24988,-120.85292,280.09,65,75,3.09,CA,1710567821
95,puerto armuelles,8.27775,-82.86206,302.72,75,54,3.13,PA,1710567821
96,pitimbu,-7.47056,-34.80861,298.48,80,75,4.01,BR,1710567822
97,uturoa,-16.72891,-151.44482,301.78,72,100,2.76,PF,1710567823
98,dayton,39.23714,-119.59295,280.75,56,0,0.0,US,1710567823
99,kosh-agach,49.99273,88.67598,257.78,74,21,0.72,RU,1710567824
100,timimoun,29.26388,0.23098,288.36,26,0,4.12,DZ,1710567824
101,ulsteinvik,62.34317,5.84869,277.46,60,100,6.71,NO,1710567825
102,chonchi,-42.62387,-73.775,281.92,96,79,1.43,CL,1710567826
103,kupino,54.36635,77.29805,268.44,91,100,9.82,RU,1710567826
104,dunedin,-45.87416,170.50361,288.04,64,100,0.89,NZ,1710567827
105,caburan,5.91806,125.64111,302.71,60,98,6.05,PH,1710567827
106,kodiak,57.78852,-152.40533,274.28,80,100,3.09,US,1710567828
107,swakopmund,-22.67842,14.52663,289.62,88,32,0.63,NA,1710567829
108,bikenibeu village,1.3673,173.12415,303.13,84,40,4.12,KI,1710567829
109,anadyr,64.73424,177.5103,253.13,83,40,2.68,RU,1710567830
110,bodo,67.28,14.40501,271.36,65,75,8.75,NO,1710567830
111,quellon,-43.11819,-73.61661,282.62,86,92,3.23,CL,1710567831
112,himatnagar,23.59893,72.96602,305.88,15,1,5.52,IN,1710567832
113,okhotsk,59.362,143.21468,269.23,94,100,6.78,RU,1710567832
114,la passe,-4.34808,55.83269,300.83,79,76,6.01,SC,1710567833
115,swift current,50.28337,-107.80135,274.6,80,0,3.6,CA,1710567833
116,leua,-11.65,20.45,292.1,92,100,1.44,AO,1710567834
117,ajjampur,13.72794,76.0068,304.18,37,70,2.64,IN,1710567835
118,ilulissat,69.21981,-51.09861,254.31,84,53,1.54,GL,1710567835
119,lakhdenpokh'ya,61.51981,30.19917,278.01,90,100,6.45,RU,1710567836
120,pangody,65.85002,74.48593,271.13,91,99,7.06,RU,1710567836
121,egilsstadir,65.26687,-14.39485,272.1,86,75,2.57,IS,1710567837
122,kharabali,47.41958,47.25678,277.7,61,91,7.36,RU,1710567838
123,olonkinbyen,70.9221,-8.7187,259.55,68,100,5.9,SJ,1710567839
124,tazacorte,28.64186,-17.93394,290.53,72,100,4.12,ES,1710567839
125,pahrump,36.20829,-115.98391,281.18,86,94,1.07,US,1710567627
126,utrik,11.22778,169.84739,299.57,74,100,7.33,MH,1710567840
127,khandyga,62.65333,135.5667,256.56,84,100,0.83,RU,1710567841
128,tarauaca,-8.16139,-70.76556,297.06,92,100,1.03,BR,1710567814
129,fortuna,40.59819,-124.15728,283.34,83,0,0.0,US,1710567842
130,chadron,42.82942,-102.99991,277.57,78,0,3.13,US,1710567843
131,porto velho,-8.76194,-63.90389,299.18,94,75,1.03,BR,1710567842
132,katsuren-haebaru,26.33294,127.87403,297.1,61,75,5.14,JP,1710567845
133,phan rang-thap cham,11.56432,108.98858,305.56,44,89,6.88,VN,1710567845
134,san antonio de pale,-1.4068,5.63178,301.33,75,88,2.1,GQ,1710567846
135,kandira,41.07,30.15262,281.21,85,84,0.23,TR,1710567846
136,ebon,4.58199,168.69636,301.0,83,38,8.11,MH,1710567847
137,buka,-5.43261,154.67098,298.33,92,100,2.01,PG,1710567848
138,warragul,-38.15912,145.93118,301.92,28,0,2.39,AU,1710567848
139,qa'en,33.72654,59.18439,289.47,25,99,1.88,IR,1710567849
140,saint-pierre,46.77914,-56.1773,272.92,93,100,2.57,PM,1710567849
141,taiynsha,53.84796,69.76773,270.45,77,68,8.68,KZ,1710567850
142,glace bay,46.19695,-59.95698,273.65,96,100,1.03,CA,1710567851
143,st. john's,47.56494,-52.70931,273.13,92,100,5.66,CA,1710567851
144,port lincoln,-34.72625,135.87442,296.75,61,10,4.37,AU,1710567852
145,at taraf,25.36232,49.72757,295.44,29,99,5.42,SA,1710567852
146,talnakh,69.4865,88.3972,256.6,89,97,6.33,RU,1710567853
147,minas de marcona,-15.21194,-75.11028,291.41,86,100,3.11,PE,1710567854
148,puerto baquerizo moreno,-0.90172,-89.61021,300.5,79,99,2.2,EC,1710567854
149,nar'yan-mar,67.63869,53.00371,263.76,95,98,1.79,RU,1710567855
150,newman,-23.35644,119.73553,309.05,25,0,7.73,AU,1710567855
151,sittwe,20.14624,92.89835,302.9,52,14,5.18,MM,1710567856
152,urmary,55.67894,47.94396,268.62,88,11,4.14,RU,1710567857
153,at taj,24.20487,23.2857,295.08,15,68,5.68,LY,1710567799
154,walvis bay,-22.9575,14.50528,289.68,88,100,1.54,NA,1710567858
155,mata-utu,-13.28163,-176.17453,302.83,70,98,2.77,WF,1710567858
156,botro,7.85249,-5.31063,299.86,77,79,1.97,CI,1710567859
157,vernon,50.0261,-126.36157,277.6,92,78,1.69,CA,1710567860
158,antofagasta,-23.65236,-70.3954,290.53,87,10,0.83,CL,1710567860
159,invercargill,-46.4,168.35,283.72,94,100,4.92,NZ,1710567861
160,iskateley,67.68026,53.15117,263.72,95,98,1.79,RU,1710567861
161,oriximina,-1.76556,-55.86611,296.73,96,99,1.99,BR,1710567862
162,port elizabeth,-33.96109,25.61494,294.26,73,0,8.23,ZA,1710567863
163,sao caetano de odivelas,-0.75,-48.02,297.82,93,100,2.69,BR,1710567863
164,kuta,-8.72332,115.17234,305.12,66,20,8.94,ID,1710567864
165,sabang,5.88969,95.31644,301.87,69,84,5.05,ID,1710567864
166,kourou,5.16281,-52.64265,301.16,85,53,5.02,GF,1710567865
167,ta`u,-14.23361,-169.51444,302.08,73,99,2.76,AS,1710567866
168,puerto aysen,-45.40303,-72.69184,280.15,98,100,2.43,CL,1710567867
169,enewetak,11.34735,162.33733,299.91,77,41,3.65,MH,1710567867
170,ribeira grande,38.51667,-28.7,289.69,75,32,8.94,PT,1710567868
171,puerto san carlos,24.78874,-112.10504,289.75,79,55,3.23,MX,1710567869
172,pacific grove,36.61774,-121.91662,285.97,60,0,1.54,US,1710567869
173,olyokminsk,60.3743,120.4203,266.33,75,99,2.01,RU,1710567870
174,buala,-8.14497,159.59212,300.25,86,100,2.73,SB,1710567870
175,aqsay,51.1681,52.99782,268.15,85,82,3.79,KZ,1710567871
176,coquimbo,-29.95332,-71.33947,287.08,100,0,0.51,CL,1710567871
177,prilep,41.34514,21.55504,279.73,75,34,0.85,MK,1710567872
178,nuuk,64.18347,-51.72157,267.49,68,34,1.03,GL,1710567873
179,haiku-pauwela,20.92187,-156.30508,291.76,94,100,5.66,US,1710567873
180,tanabe,33.73333,135.36667,290.71,48,0,5.66,JP,1710567874
181,kristiansund,63.11045,7.72795,275.28,51,100,5.66,NO,1710567874
182,sosnovka,53.23593,41.36859,269.43,87,67,2.4,RU,1710567875
183,hami,42.83393,93.50601,280.64,25,99,1.88,CN,1710567876
184,axim,4.86641,-2.24181,299.85,88,28,1.6,GH,1710567876
185,peraiyur,9.73579,77.78955,306.95,39,11,2.72,IN,1710567877
186,mareeba,-16.99096,145.42306,302.83,73,98,3.13,AU,1710567877
187,okha,53.58991,142.95313,262.97,87,100,11.1,RU,1710567878
188,geraldton,-28.77897,114.61459,308.29,24,15,9.26,AU,1710567879
189,essaouira,31.5125,-9.77,293.87,42,0,2.57,MA,1710567879
190,broome,-17.95538,122.23922,302.16,79,100,3.6,AU,1710567880
191,ushuaia,-54.81084,-68.31591,275.29,80,0,1.03,AR,1710567881
192,inarajan village,13.27363,144.74845,304.69,78,22,6.66,GU,1710567881
193,prado,-17.34111,-39.22083,297.99,92,62,1.06,BR,1710567882
194,valparaiso,22.77104,-103.56991,286.25,31,4,0.35,MX,1710567882
195,nemuro,43.32361,145.575,273.25,58,37,5.79,JP,1710567883
196,sao gabriel da cachoeira,-0.1181,-67.08527,297.47,97,100,0.99,BR,1710567884
197,hasaki,35.73333,140.83333,292.2,48,0,5.41,JP,1710567884
198,college,64.85694,-147.80278,261.12,61,20,5.14,US,1710567885
199,pariaman,-0.61898,100.11997,303.18,66,78,2.91,ID,1710567885
200,macusani,-14.08333,-70.43333,276.26,81,100,0.61,PE,1710567886
201,ciudad lazaro cardenas,17.97066,-102.22124,294.72,89,17,1.27,MX,1710567886
202,siverek,37.75503,39.31667,282.09,71,17,1.0,TR,1710567887
203,lautaro,-38.53066,-72.43652,284.37,91,41,1.49,CL,1710567888
204,kharp,66.80139,65.80806,264.96,83,100,6.52,RU,1710567888
205,tarakan,3.31332,117.59152,301.16,73,61,3.06,ID,1710567889
206,saranac lake,44.3295,-74.13127,275.94,91,100,1.54,US,1710567889
207,meadow lake,54.13348,-108.43471,271.45,82,98,3.17,CA,1710567890
208,yirol,6.5525,30.49806,306.71,28,39,3.62,SS,1710567891
209,revda,67.9371,34.56149,265.83,93,100,2.7,RU,1710567891
210,isla vista,34.41333,-119.86097,287.29,74,0,2.06,US,1710567870
211,sitka,57.05315,-135.33088,282.09,76,100,5.14,US,1710567892
212,idri,27.44707,13.05173,285.44,56,0,3.01,LY,1710567893
213,mitsamiouli,-11.38472,43.28444,302.38,68,20,1.23,KM,1710567894
214,popondetta,-8.76536,148.23252,299.75,94,100,1.31,PG,1710567894
215,pokachi,61.71982,75.36827,273.45,99,100,6.77,RU,1710567664
216,kingston,-29.05459,167.96628,295.38,64,75,6.69,NF,1710567895
217,hithadhoo,-0.6,73.08333,301.6,74,12,4.31,MV,1710567896
218,yoichi,43.20389,140.77028,276.54,63,11,7.23,JP,1710567896
219,remire-montjoly,4.91667,-52.26667,301.17,78,75,4.63,GF,1710567897
220,labrador city,52.94626,-66.91137,264.1,80,100,4.02,CA,1710567898
221,tralee,52.27042,-9.70264,281.57,90,100,4.22,IE,1710567898
222,tatahuicapan,18.24621,-94.76124,297.46,66,1,1.25,MX,1710567899
223,maloye ganyushkino,46.6,49.26667,277.54,54,99,8.88,KZ,1710567900
224,we,-20.91687,167.26461,298.93,88,100,5.42,NC,1710567900
225,namdrik,5.59944,168.10282,301.12,82,44,8.37,MH,1710567901
226,amga,60.90009,131.97882,261.24,77,100,2.46,RU,1710567901
227,colon,8.03125,-72.26053,296.92,76,72,1.3,VE,1710567902
228,cannonvale,-20.27681,148.69759,301.1,69,81,9.06,AU,1710567903
229,macherla,16.47635,79.43533,307.96,31,29,5.99,IN,1710567904
230,ballesteros,18.4126,121.5152,301.74,68,19,6.64,PH,1710567696
231,neryungri,56.66637,124.63825,262.27,71,100,3.01,RU,1710567905
232,mount pearl,47.51659,-52.78135,272.67,92,100,5.66,CA,1710567906
233,vorgashor,67.58355,63.79399,262.31,93,100,5.15,RU,1710567906
234,san patricio,19.22534,-104.70447,293.92,81,6,2.12,MX,1710567907
235,kuala terengganu,5.3302,103.1408,302.12,74,20,2.68,MY,1710567907
236,auki,-8.76778,160.69778,300.71,87,100,2.57,SB,1710567908
237,colonia,9.51638,138.12167,303.33,70,75,3.6,FM,1710567909
238,nkurenkuru,-17.61667,18.6,294.14,83,100,0.97,AO,1710567909
239,greymouth,-42.46667,171.2,285.67,66,99,2.67,NZ,1710567910
240,dalandzadgad,43.57083,104.425,276.43,15,1,3.57,MN,1710567910
241,gurupi,-11.72917,-49.06861,300.15,68,100,0.98,BR,1710567911
242,ust'-kulom,61.68636,53.6902,274.16,100,100,3.55,RU,1710567912
243,radomsko,51.06713,19.44477,282.18,84,100,3.98,PL,1710567912
244,ubari,26.59034,12.77511,284.91,56,0,2.41,LY,1710567913
245,hawaiian paradise park,19.59333,-154.97306,294.28,98,100,3.09,US,1710567913
246,zapolyarnyy,69.41541,30.81355,261.75,100,100,2.01,RU,1710567914
247,cam ranh,11.92144,109.15913,304.13,62,20,3.6,VN,1710567915
248,isangel,-19.54167,169.28167,298.89,85,100,2.79,VU,1710567915
249,champerico,14.29337,-91.91214,300.29,74,10,3.07,GT,1710567916
250,pucallpa,-8.37915,-74.55387,299.17,94,40,2.06,PE,1710567778
251,island harbour,18.25601,-63.0102,299.09,78,90,9.74,AI,1710567917
252,suai,-9.31286,125.25648,305.53,56,67,2.23,TL,1710567917
253,keflavik,64.00492,-22.56242,276.39,87,100,3.6,IS,1710567918
254,beli,7.85868,10.97187,301.95,47,78,0.2,NG,1710567919
255,puerto san jose,13.9274,-90.82166,299.27,75,10,2.44,GT,1710567919
256,hamilton,32.2949,-64.78303,290.26,85,20,6.69,BM,1710567920
257,caldas de reis,42.60473,-8.6423,286.61,94,100,1.21,ES,1710567920
258,yuzhno-kurilsk,44.02734,145.86146,270.31,92,23,6.86,RU,1710567921
259,chontaul,43.30481,46.85967,279.5,86,100,2.77,RU,1710567922
260,lethem,3.38333,-59.8,299.98,71,95,7.37,GY,1710567922
261,aldan,58.61021,125.39613,261.88,79,100,3.01,RU,1710567923
262,lodwar,3.11988,35.59642,305.74,25,32,8.44,KE,1710567923
263,palwancha,17.58152,80.67651,307.19,36,51,4.23,IN,1710567924
264,ulladulla,-35.35906,150.47247,294.42,58,80,5.12,AU,1710567925
265,paita,-5.08917,-81.11444,297.44,72,62,4.88,PE,1710567925
266,rio grande,-53.78769,-67.70946,277.45,72,100,9.59,AR,1710567677
267,laiwu,36.19278,117.65694,291.9,50,74,4.92,CN,1710567926
268,alotau,-10.31509,150.45742,302.43,76,97,0.82,PG,1710567927
269,vidyayevo,69.31914,32.80488,261.34,96,79,3.05,RU,1710567928
270,shanhaiguan,40.0025,119.74889,286.84,46,100,5.9,CN,1710567928
271,nova xavantina,-14.66463,-52.35558,297.51,84,13,0.36,BR,1710567929
272,turpan,42.94769,89.17886,285.08,23,68,2.48,CN,1710567929
273,sterling,40.62554,-103.20771,272.33,100,0,0.0,US,1710567662
274,kostanay,53.21435,63.62463,266.22,73,0,6.0,KZ,1710567931
275,marka,1.71594,44.77166,302.58,65,81,4.94,SO,1710567931
276,praya,-8.70536,116.27036,305.07,66,75,7.72,ID,1710567932
277,afaahiti,-17.74395,-149.32444,302.07,77,100,0.7,PF,1710567933
278,letlhakeng,-24.09442,25.02977,294.81,71,13,3.77,BW,1710567933
279,winnemucca,40.97296,-117.73568,278.18,52,0,6.17,US,1710567934
280,kronoby,63.72859,23.03387,271.49,91,75,3.6,FI,1710567934
281,kapsan-up,41.09028,128.29333,283.9,37,91,2.33,KP,1710567935
282,fort mcmurray,56.72676,-111.38103,269.92,68,0,3.09,CA,1710567717
283,la'ie,21.64547,-157.9225,294.31,68,41,1.79,US,1710567936
284,atafu village,-8.54212,-172.51591,303.05,70,81,4.87,TK,1710567937
285,khon kaen,16.44671,102.833,313.88,43,40,2.06,TH,1710567937
286,siquijor,9.2142,123.515,303.1,76,98,6.58,PH,1710567938
287,fomboni,-12.28759,43.74344,302.35,71,2,2.76,KM,1710567939
288,tinogasta,-28.06319,-67.56488,296.81,62,0,0.83,AR,1710567940
289,barra de santo antonio,-9.40472,-35.50722,298.75,79,76,2.77,BR,1710567940
290,lebu,-37.60825,-73.65356,285.03,88,21,2.17,CL,1710567941
291,port augusta,-32.49597,137.77281,308.47,23,77,1.48,AU,1710567941
292,lihue,21.98121,-159.3721,294.73,84,100,5.14,US,1710567942
293,severodvinsk,64.5635,39.8302,275.21,99,100,4.3,RU,1710567943
294,boca do acre,-8.75222,-67.39778,297.02,98,100,1.13,BR,1710567943
295,cabedelo,-6.98111,-34.83389,298.52,81,85,3.5,BR,1710567789
296,kampene,-3.59678,26.66715,294.89,94,100,0.6,CD,1710567944
297,sola,-13.87611,167.55167,302.06,80,96,6.5,VU,1710567945
298,hotan,37.1075,79.93548,284.53,15,100,4.36,CN,1710567946
299,san jose del guaviare,2.57286,-72.64591,297.52,96,100,1.26,CO,1710567946
300,kavaratti,10.56688,72.64203,300.89,69,63,4.13,IN,1710567947
301,alice springs,-23.69748,133.88362,312.68,11,4,7.2,AU,1710567947
302,andapa,-14.65,49.65,299.38,74,57,0.85,MG,1710567948
303,macgregor,-35.2098,149.01101,295.94,55,75,4.63,AU,1710567949
304,spearfish,44.49082,-103.85937,281.97,32,0,5.66,US,1710567949
305,thinadhoo,0.5306,72.99969,301.67,71,18,5.67,MV,1710567950
306,shenjiamen,29.95763,122.29802,286.24,93,95,1.53,CN,1710567950
307,carnarvon,-24.88258,113.65713,308.18,44,49,3.21,AU,1710567951
308,ayaguz,47.96447,80.43437,267.09,84,22,3.46,KZ,1710567952
309,kerikeri,-35.22676,173.94739,291.43,68,0,0.89,NZ,1710567952
310,rio gallegos,-51.62261,-69.21813,277.18,70,0,7.2,AR,1710567953
311,ponta delgada,37.73952,-25.66874,289.55,82,40,7.2,PT,1710567953
312,al marj,32.49257,20.82909,283.63,76,100,2.63,LY,1710567954
313,anibare,-0.52792,166.95249,301.68,78,100,5.07,NR,1710567955
314,talcahuano,-36.72494,-73.11684,286.16,76,0,3.6,CL,1710567955
315,pisco,-13.71029,-76.20538,296.09,78,0,1.03,PE,1710567956
316,talas,42.52277,72.24274,277.87,30,0,2.25,KG,1710567956
317,bardai,21.35494,17.00121,287.97,29,0,1.7,TD,1710567957
318,sylt-ost,54.8611,8.41141,279.31,87,100,7.72,DE,1710567957
319,namtsy,62.71959,129.66722,259.71,75,100,1.44,RU,1710567958
320,flying fish cove,-10.42172,105.67912,301.97,69,75,4.63,CX,1710567959
321,alamogordo,32.89953,-105.96027,282.16,62,100,4.63,US,1710567856
322,moyynkum,44.28461,72.9392,277.94,34,11,3.72,KZ,1710567960
323,chul'man,56.84735,124.90812,262.23,70,100,3.61,RU,1710567960
324,aliade,7.29627,8.48278,300.89,66,46,3.28,NG,1710567961
325,qala i naw,34.98735,63.12891,289.36,30,24,1.61,AF,1710567962
326,hirara,24.80379,125.30222,298.27,65,75,6.17,JP,1710567962
327,beytussebap,37.56318,43.16583,276.27,89,61,1.3,TR,1710567963
328,sungai penuh,-2.0561,101.3913,303.01,46,69,2.89,ID,1710567963
329,lerwick,60.15339,-1.14427,276.15,70,40,6.27,GB,1710567964
330,half moon bay,37.46355,-122.42859,289.57,49,0,0.0,US,1710567690
331,afipskiy,44.90005,38.84265,281.51,94,70,2.68,RU,1710567966
332,brokopondo,5.05594,-54.98043,298.14,97,63,1.33,SR,1710567966
333,yichang,30.71444,111.28472,296.54,45,5,2.59,CN,1710567967
334,pangoa,-12.11667,-73,294.16,99,100,1.15,PE,1710567968
335,santana,32.8,-16.88333,288.34,83,40,2.57,PT,1710567968
336,tanjung selor,2.8375,117.36528,302.5,73,70,1.68,ID,1710567969
337,sihanoukville,10.60932,103.52958,305.12,58,40,4.12,KH,1710567970
338,miles city,46.40834,-105.84056,277.69,70,0,4.63,US,1710567970
339,bargaal,11.28636,51.0773,300.76,64,63,2.48,SO,1710567971
340,lafollette,36.38286,-84.11993,288.73,88,100,3.09,US,1710567811
341,taksimo,56.34162,114.90048,267.22,72,98,0.63,RU,1710567972
342,san juan de miraflores,-3.77611,-73.28139,297.11,100,75,1.54,PE,1710567972
343,punta arenas,-53.15483,-70.91129,276.27,87,75,6.69,CL,1710567973
344,uzgen,40.76994,73.30068,280.31,32,1,1.81,KG,1710567974
345,sakakah,29.96974,40.20641,286.91,46,0,1.88,SA,1710567974
346,porto novo,17.01969,-25.06471,294.15,78,1,5.06,CV,1710567975
347,cidreira,-30.18111,-50.20556,296.47,92,85,2.51,BR,1710567975
348,kone,-21.05951,164.86582,299.56,87,93,3.6,NC,1710567976
349,ceeldheer,3.84878,47.18064,303.26,56,47,6.7,SO,1710567977
350,kolonia town,6.964,158.206,302.21,84,100,5.14,FM,1710567977
351,shixing,24.94824,114.06572,298.29,75,90,2.35,CN,1710567978
352,tabora,-5.01622,32.82663,294.19,83,96,2.36,TZ,1710567979
353,aquin,18.27974,-73.39433,297.75,84,46,0.68,HT,1710567979
354,aripuana,-9.16667,-60.63333,296.76,96,98,0.62,BR,1710567980
355,chipiona,36.73663,-6.43703,285.54,94,40,2.06,ES,1710567980
356,betioky,-23.72065,44.38069,301.13,65,10,3.26,MG,1710567981
357,sur,22.56667,59.52889,300.19,35,44,2.49,OM,1710567982
358,swan hill,-35.33781,143.5544,299.34,46,70,6.78,AU,1710567982
359,hilo,19.72991,-155.09073,294.4,99,100,3.09,US,1710567983
360,tosontsengel,48.75667,98.28389,262.34,78,82,1.74,MN,1710567983
361,dompu,-8.5365,118.4634,301.34,87,92,2.0,ID,1710567984
362,nabire,-3.35989,135.50074,303.12,71,92,2.75,ID,1710567984
363,chhabra,24.66472,76.84379,303.76,15,12,3.49,IN,1710567985
364,shiqian,27.5225,108.22806,291.23,78,98,0.36,CN,1710567986
365,touba,14.85,-15.88333,297.0,13,0,4.11,SN,1710567986
366,vilyuchinsk,52.9311,158.40469,273.3,97,100,5.01,RU,1710567987
367,asha,54.9973,57.2722,264.36,93,40,3.58,RU,1710567987
368,kupang,-10.17083,123.60694,305.2,79,40,5.66,ID,1710567988
369,tarawa,1.3278,172.97696,303.15,84,40,4.12,KI,1710567989
370,lazaro cardenas,30.52815,-115.92617,286.91,76,1,0.78,MX,1710567989
371,dauphin,51.14941,-100.05023,274.23,75,75,8.23,CA,1710567740
372,quepos,9.43063,-84.16231,300.58,79,99,1.37,CR,1710567990
373,tura,64.27769,100.21849,261.27,75,100,5.22,RU,1710567991
374,nuku'alofa,-21.13938,-175.2018,301.33,94,75,3.09,TO,1710567992
375,karratha,-20.73765,116.84629,307.9,50,3,9.87,AU,1710567992
376,concordia,39.57084,-97.66254,281.3,66,0,3.6,US,1710567993
377,avarua,-21.2075,-159.77545,299.18,83,75,2.57,CK,1710567993
378,aubenas,44.61975,4.39033,282.29,80,89,2.43,FR,1710567994
379,klaksvik,62.22655,-6.58901,270.66,60,74,3.2,FO,1710567995
380,lammi,61.08333,25.01667,276.13,98,100,4.04,FI,1710567995
381,parepare,-4.0135,119.6255,303.19,70,97,5.45,ID,1710567996
382,hlinsko,49.76213,15.90756,281.94,87,85,3.13,CZ,1710567996
383,fuvahmulah,-0.29878,73.42403,301.51,75,9,3.8,MV,1710567997
384,devils lake,48.11278,-98.86512,276.21,81,100,9.26,US,1710567834
385,sisimiut,66.93946,-53.6735,259.04,77,2,4.07,GL,1710567998
386,tottori,35.5,134.23333,287.19,72,20,5.66,JP,1710567946
387,qal'at bishah,20.00054,42.6052,298.16,36,0,2.57,SA,1710567999
388,chulym,55.09972,80.95722,267.41,91,100,10.08,RU,1710568000
389,prince rupert,54.31507,-130.32098,279.98,93,0,3.6,CA,1710568001
390,alcoa,35.78953,-83.97379,289.49,86,99,0.89,US,1710568001
391,valdez,1.24917,-78.98306,299.29,86,52,2.3,EC,1710568002
392,orsa,61.12034,14.6155,273.76,55,100,4.47,SE,1710568003
393,tingi,-11.3,35.03333,294.13,86,65,1.6,TZ,1710568004
394,kokpekty,48.75,82.4,264.48,86,99,1.6,KZ,1710568004
395,nogliki,51.79917,143.13871,266.09,65,8,7.6,RU,1710568005
396,khorixas,-20.36667,14.96667,296.95,30,29,1.93,NA,1710568005
397,toulepleu guere,6.57395,-8.42592,297.06,99,22,0.69,CI,1710568006
398,hata,26.7412,83.74526,305.89,10,18,4.36,IN,1710568007
399,greenland,13.25808,-59.57763,300.25,68,29,7.62,BB,1710568007
400,westport,53.8,-9.51667,281.59,93,100,4.93,IE,1710568008
401,daru,-9.07786,143.20893,304.23,66,86,5.68,PG,1710568008
402,vuktyl,63.85667,57.30944,273.77,99,100,5.81,RU,1710568009
403,skanor med falsterbo,55.4,12.85,283.38,96,100,8.74,SE,1710568010
404,tazovsky,67.4715,78.7162,265.11,93,100,8.24,RU,1710568010
405,ballina,54.11667,-9.16667,276.69,87,98,6.49,IE,1710567846
406,dickinson,46.87918,-102.78962,276.49,70,0,6.17,US,1710567998
407,saipan,15.21233,145.7545,302.23,62,0,7.72,MP,1710568012
408,pembroke,45.81681,-77.11616,271.58,82,75,1.3,CA,1710568013
409,lloydminster,53.27237,-110.02256,272.19,69,0,1.54,CA,1710568014
410,khanty-mansiysk,61.00417,69.00194,276.21,70,0,6.0,RU,1710568014
411,curuca,-0.72889,-47.84806,297.46,94,100,1.81,BR,1710568015
412,zaragoza,16.3871,119.9443,301.63,64,73,4.87,PH,1710568015
413,posto fiscal rolim de moura,-13.08271,-62.27726,297.75,94,100,0.77,BR,1710568016
414,ghazni,33.55391,68.42096,280.45,25,8,1.79,AF,1710568017
415,franklin,29.79604,-91.5015,291.17,94,20,7.2,US,1710568017
416,nuoro,40.31991,9.32568,279.91,85,4,2.21,IT,1710568018
417,santa adelia,-21.24278,-48.80417,295.41,68,37,2.52,BR,1710567997
418,tindouf,27.67111,-8.14743,291.4,20,0,2.57,DZ,1710568019
419,torres,-29.33528,-49.72694,298.05,95,71,3.1,BR,1710568020
420,volchikha,52.01356,80.35715,269.66,83,95,7.38,RU,1710568020
421,lata,-10.725,165.79722,301.24,84,100,4.98,SB,1710568021
422,north battleford,52.77972,-108.2967,271.28,74,0,2.06,CA,1710568021
423,utica,43.1009,-75.23266,278.9,88,97,0.45,US,1710568022
424,oral,51.23333,51.36667,265.14,86,0,5.0,KZ,1710567978
425,gilmer,32.72875,-94.94244,290.29,94,75,0.0,US,1710568023
426,le port,-20.93752,55.29415,303.12,68,5,1.43,RE,1710568024
427,weno,7.44648,151.84135,301.13,94,100,4.63,FM,1710568025
428,'ohonua,-21.33333,-174.95,301.3,87,100,9.19,TO,1710568025
429,brookings,42.05261,-124.28398,287.46,67,0,2.06,US,1710568026
430,hinton,53.40009,-117.58567,273.73,96,75,1.87,CA,1710568026
431,gardez,33.59744,69.22592,280.57,29,4,0.7,AF,1710568027
432,new norfolk,-42.78261,147.0587,291.88,39,94,2.68,AU,1710568028
433,copala,16.60774,-98.97821,297.52,75,4,1.77,MX,1710568028
434,beyneu,45.31667,55.2,279.97,47,100,12.1,KZ,1710568029
435,dolenjske toplice,45.75657,15.05917,284.34,87,100,1.11,SI,1710568029
436,laojunmiao,39.83333,97.73333,276.73,31,98,3.23,CN,1710568030
437,shangzhi,45.21406,127.97426,274.23,81,100,3.46,CN,1710568031
438,maumere,-8.6199,122.2111,301.29,82,45,6.18,ID,1710568031
439,port douglas,-16.48383,145.46725,301.47,78,100,5.12,AU,1710568032
440,la sarre,48.80019,-79.19964,266.03,92,82,2.54,CA,1710568027
441,micheweni,-4.96667,39.83333,303.05,67,92,0.9,TZ,1710568033
442,miyang,24.40417,103.44278,302.59,17,0,6.56,CN,1710568034
443,hafar al-batin,28.43279,45.97077,294.47,73,100,3.09,SA,1710568034
444,sao joao da barra,-21.64028,-41.05111,298.11,92,4,4.64,BR,1710568035
445,yengema,8.71441,-11.17057,296.26,95,28,0.63,SL,1710568035
446,mombetsu,44.3525,143.3525,274.16,64,75,1.54,JP,1710568036
447,las lomas,-4.65333,-80.24667,298.36,62,82,0.62,PE,1710568037
448,lufilufi,-13.87449,-171.59857,304.03,69,79,2.38,WS,1710568037
449,oranjemund,-28.55,16.43333,288.99,92,29,4.23,NA,1710568038
450,antsiranana,-12.31732,49.29188,299.44,83,75,4.12,MG,1710568038
451,along,28.16951,94.8006,301.97,32,61,0.99,IN,1710568039
452,cova figueira,14.89054,-24.29343,294.15,79,1,5.79,CV,1710568040
453,nova sintra,14.87139,-24.69556,293.48,81,0,8.43,CV,1710568040
454,crane,13.10487,-59.44861,300.33,69,40,9.26,BB,1710568041
455,alofi,-19.05451,-169.91768,299.19,94,40,1.54,NU,1710568041
456,guerrero negro,27.96891,-114.04427,288.16,74,69,3.08,MX,1710568042
457,i-n-salah,27.19351,2.46069,290.44,24,0,4.95,DZ,1710568043
458,georgetown,-7.92861,-14.41194,300.76,80,26,6.19,SH,1710568043
459,susuman,62.78075,148.15396,259.27,84,100,2.24,RU,1710568044
460,opuwo,-18.06068,13.83998,295.98,28,70,2.46,NA,1710568044
461,nadym,65.53333,72.51667,270.42,88,91,8.3,RU,1710568045
462,mhamid,29.82,-5.72,290.32,21,0,1.11,MA,1710568046
463,beau vallon,-20.41889,57.69528,299.38,83,75,7.72,MU,1710568046
464,porto san giorgio,43.17784,13.79411,287.08,73,100,0.55,IT,1710568047
465,enoch,37.77331,-113.02439,275.29,91,100,1.54,US,1710568047
466,breves,-1.68222,-50.48028,297.03,98,100,0.96,BR,1710568048
467,norilsk,69.3535,88.2027,256.72,88,94,6.3,RU,1710568049
468,saudarkrokur,65.74611,-19.63944,271.85,91,97,1.48,IS,1710568049
469,porto recanati,43.43296,13.66165,287.09,37,100,0.6,IT,1710568050
470,saldanha,-33.01167,17.9442,291.18,82,86,4.09,ZA,1710568050
471,mejit,10.27531,170.86461,299.69,76,100,8.76,MH,1710568051
472,portland,-38.3462,141.60257,294.45,66,9,6.33,AU,1710568052
473,mena,51.5217,32.21568,278.17,79,100,1.87,UA,1710568053
474,shingu,33.73333,135.98333,290.36,46,0,2.01,JP,1710568053
475,nangal,31.38966,76.37574,301.24,17,1,1.22,IN,1710568054
476,sao jose da coroa grande,-8.89778,-35.14778,300.23,81,67,2.58,BR,1710568055
477,bamboo flat,11.7,92.71667,307.2,33,78,5.14,IN,1710568055
478,vradiyivka,47.86425,30.58881,277.59,88,92,2.3,UA,1710568056
479,kavieng,-2.57337,150.79516,301.95,75,90,3.95,PG,1710568056
480,kigorobya,1.6162,31.3089,298.94,49,48,1.54,UG,1710568057
481,fisterra,42.90492,-9.26289,286.9,89,100,7.29,ES,1710568058
482,oum hadjer,13.2954,19.6966,303.77,17,63,3.09,TD,1710568058
483,vohipaho,-23.55,47.5,299.55,87,62,1.26,MG,1710568059
484,usinsk,65.99389,57.52806,269.86,93,100,4.47,RU,1710567966
485,happy valley-goose bay,53.3038,-60.32576,271.33,100,100,5.14,CA,1710568060
486,itamaraca,-7.74778,-34.82556,300.18,82,68,3.62,BR,1710568061
487,bairnsdale,-37.82289,147.61041,295.88,60,1,2.68,AU,1710568061
488,mao,14.12116,15.3103,302.71,11,61,1.26,TD,1710568062
489,mahavelona,-17.68475,49.50869,298.14,83,40,1.9,MG,1710568063
490,fale old settlement,-9.38516,-171.24675,303.02,74,71,4.86,TK,1710568063
491,gargalianoi,37.06518,21.63809,283.2,74,82,2.36,GR,1710568064
492,harpswell center,43.80175,-69.98421,276.86,87,100,1.39,US,1710568064
493,san pedro pochutla,15.74587,-96.46601,296.15,65,23,1.62,MX,1710568065
494,mocajuba,-2.58417,-49.50722,296.77,99,99,0.69,BR,1710568066
495,jayapura,-2.53371,140.71813,304.44,76,88,5.23,ID,1710568066
496,shiyan,32.6475,110.77806,295.49,38,45,1.72,CN,1710568067
497,buchanan,5.87693,-10.04964,299.81,93,16,0.73,LR,1710568067
498,los andes,-32.83369,-70.59827,288.16,37,0,0.35,CL,1710568068
499,deir ez-zor,35.33588,40.14084,287.56,62,10,3.89,SY,1710568069
500,holualoa,19.61979,-155.94831,294.76,82,100,7.2,US,1710568069
501,benghazi,32.11486,20.06859,287.36,65,100,4.05,LY,1710568070
502,myitkyina,25.38327,97.39637,309.4,18,37,0.69,MM,1710568070
503,palapag,12.5458,125.1147,302.1,61,55,4.83,PH,1710568071
504,vilyuysk,63.74683,121.63339,260.34,86,100,1.34,RU,1710568072
505,ar ruways,24.11028,52.73056,299.61,43,43,4.61,AE,1710568072
506,uusikaupunki,60.80043,21.40841,275.03,99,100,2.25,FI,1710567893
507,luderitz,-26.64807,15.15383,290.35,69,0,6.92,NA,1710568073
508,yamba,-29.4375,153.35914,297.84,58,96,5.47,AU,1710568074
509,cape canaveral,28.40584,-80.60477,296.15,86,0,4.63,US,1710568075
510,birjand,32.86628,59.22114,289.41,18,75,5.14,IR,1710568036
511,kailua-kona,19.64016,-155.99912,297.36,83,100,7.2,US,1710568076
512,port shepstone,-30.74137,30.45499,297.17,55,43,3.71,ZA,1710568076
513,kununurra,-15.77825,128.74208,308.12,46,100,3.6,AU,1710568077
514,bahia blanca,-38.71959,-62.27243,292.96,76,0,6.31,AR,1710567982
515,saint-joseph,-21.3777,55.61691,303.04,74,18,6.02,RE,1710568078
516,svetlyy,50.81833,60.85194,267.34,79,13,3.49,RU,1710568079
517,anabar,-0.50845,166.95326,301.67,78,100,5.09,NR,1710568079
518,hadibu,12.64881,54.01895,300.41,59,2,4.48,YE,1710568080
519,suoyarvi,62.08333,32.35,276.38,97,100,6.57,RU,1710568080
520,luau,-10.70727,22.22466,292.22,94,100,1.57,AO,1710568081
521,lospalos,-8.52167,126.99833,300.99,69,52,6.71,TL,1710568082
522,carutapera,-1.195,-46.02,298.73,87,100,2.86,BR,1710568082
523,vimmerby,57.66588,15.85515,282.43,90,95,3.78,SE,1710568083
524,koynanagar,17.4,73.76667,307.21,14,0,1.86,IN,1710568083
525,ancud,-41.8707,-73.81622,283.75,80,43,4.0,CL,1710568084
526,wajir,1.7471,40.05732,300.13,74,40,4.63,KE,1710568085
527,keetmanshoop,-26.58333,18.13333,293.66,32,0,2.57,NA,1710568085
528,erbil,36.18333,44.01193,284.07,76,0,1.03,IQ,1710568086
529,yermentau,51.62364,73.10265,266.6,88,87,9.98,KZ,1710568086
530,prince george,53.9166,-122.75301,277.18,79,0,0.0,CA,1710567878
531,toktogul,41.87442,72.94192,273.36,56,2,0.44,KG,1710568088
532,lompoc,34.63915,-120.45794,284.38,85,0,0.0,US,1710567971
533,knyaze-volkonskoye,48.46547,135.45582,273.25,82,12,4.92,RU,1710568089
534,harstad,68.79833,16.54165,269.2,92,100,14.31,NO,1710568089
535,muzayri',23.14355,53.7881,302.13,31,65,4.22,AE,1710568090
536,mukalla,14.54248,49.12424,300.3,65,6,2.61,YE,1710568091
537,ardestan,33.3761,52.3694,286.06,68,100,2.28,IR,1710568091
538,togur,58.3631,82.8265,266.01,93,100,7.6,RU,1710568092
539,ludza,56.53958,27.71891,277.57,80,100,4.57,LV,1710568092
540,labytnangi,66.65722,66.41833,265.66,80,100,5.95,RU,1710568093
541,wotho,10.16575,166.01022,300.0,79,100,6.29,MH,1710568094
542,gidole,5.65,37.36667,293.72,34,29,1.84,ET,1710568094
543,taroa,8.70576,171.2275,300.18,76,80,9.44,MH,1710568095
544,san matias,-16.36667,-58.4,300.36,67,54,2.18,BO,1710568095
545,chernyshevskiy,63.01601,112.46901,262.77,87,100,5.2,RU,1710568096
546,taltal,-25.40713,-70.48554,291.08,85,17,0.69,CL,1710568097
547,jinchang,38.50062,102.19379,278.7,24,100,2.7,CN,1710568097
548,ylitornio,66.30893,23.67734,259.73,100,99,1.35,FI,1710568098
549,midvagur,62.05111,-7.19389,270.61,80,24,0.0,FO,1710568098
550,cable beach,-17.96098,122.21269,302.08,79,100,3.6,AU,1710568099
551,yinchuan,38.46806,106.27306,283.99,13,100,4.85,CN,1710568100
552,namibe,-15.19611,12.15222,299.42,81,71,3.46,AO,1710568100
553,perugorria,-29.34132,-58.61059,295.9,89,61,4.11,AR,1710568101
554,zangguy,37.28333,78.76667,283.52,15,100,3.83,CN,1710568102
555,tsiombe,-25.3,45.48333,301.39,70,41,5.06,MG,1710568102
556,al 'alamayn,30.83007,28.95502,289.08,63,100,2.33,EG,1710568103
557,sinan,34.8262,126.10863,292.21,53,46,1.74,KR,1710568103
558,altus,34.63813,-99.33398,281.07,83,0,3.09,US,1710568028
559,east london,-33.01529,27.91162,293.67,45,0,7.2,ZA,1710568104
560,strathalbyn,-35.25979,138.89247,306.62,44,15,0.45,AU,1710568105
561,touros,-5.19889,-35.46083,300.05,82,100,2.91,BR,1710568106
562,altay,47.84864,88.13361,266.07,63,25,1.24,CN,1710568106
563,orapa,-21.3115,25.37642,295.95,66,6,5.57,BW,1710568107
564,moranbah,-22.00163,148.04661,305.48,34,3,9.34,AU,1710568107
565,el fahs,36.37419,9.90651,282.47,76,14,2.2,TN,1710568108
566,nahiyat ash shinafiyah,31.58376,44.64675,294.76,43,2,6.54,IQ,1710568109
567,sangin,32.07275,64.8359,290.98,26,9,1.02,AF,1710568109
568,morehead city,34.72294,-76.72604,292.61,88,100,3.6,US,1710567873
569,aykhal,65.93381,111.4834,257.79,84,100,3.53,RU,1710568110
570,krasnokamensk,50.0979,118.0369,268.32,76,100,5.43,RU,1710568111
571,price,39.59941,-110.81071,279.74,61,100,4.63,US,1710568112
572,erenhot,43.6475,111.97667,274.06,31,53,10.68,CN,1710568112
573,samamea,-13.93375,-171.53122,302.19,70,75,2.47,WS,1710568113
574,wusong,30.95,117.78333,292.7,71,100,1.99,CN,1710568113
575,sainte-anne-des-monts,49.12402,-66.49243,274.08,80,52,6.69,CA,1710568114
576,sultanah,24.49258,39.58572,297.4,15,40,2.06,SA,1710568115
577,tamanrasset,22.785,5.52278,289.1,25,0,8.75,DZ,1710568115
578,sao vicente,32.79673,-17.04323,290.77,79,38,0.85,PT,1710568116
579,yuncheng,35.02306,110.99278,293.89,19,3,7.05,CN,1710568116
580,qarqaraly,49.41287,75.47286,266.66,81,40,6.15,KZ,1710568117
581,monrovia,6.30054,-10.7969,299.61,94,20,0.23,LR,1710568118
582,sint michiel liber,12.15,-68.98333,300.05,78,20,5.66,CW,1710568118
583,am timan,11.0297,20.2827,304.11,31,93,3.2,TD,1710568119
584,sydney,46.1351,-60.1831,274.61,95,100,1.03,CA,1710568119
585,las heras,-46.54186,-68.93593,280.95,53,7,8.74,AR,1710568120
586,vadso,70.07348,29.74943,267.24,79,20,4.63,NO,1710568121
587,mamuju,-2.68056,118.88611,302.9,74,81,4.12,ID,1710568121
588,zuunmod,47.70693,106.95276,266.72,81,73,3.52,MN,1710568122
589,omutninsk,58.67001,52.1932,273.69,98,100,4.65,RU,1710568122
590,myeik,12.43954,98.60028,304.86,55,22,3.61,MM,1710568123
591,langsa,4.4683,97.9683,306.38,48,98,3.29,ID,1710568123
592,long beach,33.91045,-78.11777,292.62,94,0,4.92,US,1710568124
593,ola,59.57823,151.29819,270.44,74,82,12.42,RU,1710568125
594,menongue,-14.6585,17.69099,291.61,92,100,0.06,AO,1710568125
595,ust'-ilimsk,58.00056,102.66194,264.39,93,99,4.02,RU,1710568126
596,trincomalee,8.5778,81.2289,301.74,67,70,4.98,LK,1710568126
597,baoqing,46.33167,132.21111,272.74,70,100,1.93,CN,1710568127
598,canutama,-6.53389,-64.38306,297.58,93,96,0.9,BR,1710568128
599,korla,41.76055,86.15231,280.22,41,31,7.04,CN,1710568128
600,pirae,-17.51667,-149.53333,302.16,74,75,0.0,PF,1710568129
601,mugia,43.10414,-9.21791,286.99,89,100,7.12,ES,1710568129
602,bengkulu,-3.80044,102.26554,302.38,67,94,2.76,ID,1710568130
603,prineville,44.29985,-120.83447,280.54,76,0,2.06,US,1710568131
604,ruteng,-8.61139,120.46444,292.4,94,95,2.01,ID,1710568131
605,neiafu,-18.6506,-173.98404,298.53,94,100,4.12,TO,1710568132
606,vila franca do campo,37.71667,-25.43333,289.38,88,99,4.57,PT,1710568039
607,sirte,31.20892,16.58866,287.63,68,81,1.71,LY,1710568133
608,bayanaul,50.79304,75.70123,268.58,75,65,8.09,KZ,1710568133
609,salinopolis,-0.61361,-47.35611,299.13,88,97,5.12,BR,1710568134
610,wai,17.95276,73.89058,305.2,16,3,1.05,IN,1710568135
611,hawera,-39.59167,174.28333,285.91,61,5,2.08,NZ,1710568107
612,mettur,11.78796,77.8008,304.79,33,3,3.45,IN,1710568136
613,muradnagar,28.78069,77.49865,297.2,8,95,2.05,IN,1710568136
614,lyantonde,-0.40306,31.15722,296.98,49,83,2.5,UG,1710568137
615,bonthe,7.52639,-12.505,298.29,95,7,1.97,SL,1710568138
616,craig,40.51525,-107.54645,273.12,80,100,1.54,US,1710568138
617,barabai,-2.58333,115.38333,306.73,52,79,1.17,ID,1710568139
